Helsingin vanhojen asunto-osakehuoneistojen neliöhinnat (EUR/m2) postinumeroalueittain vuodesta 2000,,,,,,,,,,,,,,,,,,,,,,,,,,,,,,,,,,,,,,,,,,,,,,,,,,,,
Aineistossa mukana Hitas-asunnot,,,,,,,,,,,,,,,,,,,,,,,,,,,,,,,,,,,,,,,,,,,,,,,,,,,,
,,"Asuntojen keskihinta, e",,,,,,,,,,,,,,,,,,,,,,,,,,,,,,,,,,,,,,,,,,,,,,,,,,
,,Kaikki asunnot yhteensä,,,,,,,,,,,,,,,,,Kerrostalot,,,,,,,,,,,,,,,,,Rivi- ja pientalot,,,,,,,,,,,,,,,,
Postinumero,Toimipaikka,2000,2001,2002,2003,2004,2005,2006,2007,2008,2009,2010,2011,2012,2013,2014,2015,2016,2000,2001,2002,2003,2004,2005,2006,2007,2008,2009,2010,2011,2012,2013,2014,2015,2016,2000,2001,2002,2003,2004,2005,2006,2007,2008,2009,2010,2011,2012,2013,2014,2015,2016
00100,Helsingin keskusta,"2,692","2,754","3,099","3,200","3,362","3,663","4,108","4,336","4,412","4,464","5,072","5,393","5,683","5,868","5,979","6,047","5,709","2,709","2,775","3,119","3,200","3,373","3,674","4,045","4,359","4,426","4,465","5,067","5,386","5,678","5,868","5,934","6,047","5,709",-,-,-,-,-,-,-,-,-,-,-,-,-,-,-,-,-
00120,Punavuori,"2,810","2,894","3,136","3,473","3,639","3,995","4,290","4,591","4,679","4,896","5,555","5,591","5,846","6,132","5,997","6,396","6,661","2,804","2,908","3,144","3,472","3,637","4,003","4,291","4,615","4,648","4,885","5,565","5,591","5,850","6,135","6,072","6,396","6,659",-,-,-,-,-,..,-,-,-,-,-,-,-,-,-,-,..
00130,Kaartinkaupunki,"2,986","3,228","3,355","3,598","3,788","4,023","4,571","4,973","4,958","5,342","5,616","6,692","6,244","6,715","7,153","6,217","7,521","2,984","3,187","3,344","3,543","3,790","4,005","4,563","4,962","4,947","5,361","5,518","6,646","6,247","6,680","7,153","6,217","7,521",-,-,-,-,-,-,-,-,-,-,-,-,-,-,-,-,-
00140,Kaivopuisto,"3,330","3,104","3,639","3,718","4,011","4,244","4,590","4,911","4,834","5,203","5,909","6,291","6,131","6,657","6,799","6,728","7,110","3,330","3,104","3,639","3,719","4,011","4,243","4,590","4,911","4,834","5,205","5,909","6,291","6,131","6,656",152,"6,728","7,110",-,-,-,..,-,..,-,-,-,..,-,-,-,-,-,-,-
00150,Eira,"2,880","2,936","3,274","3,433","3,597","3,907","4,266","4,502","4,559","4,807","5,268","5,703","5,793","6,291","6,575","6,533","6,688","2,882","2,940","3,271","3,433","3,590","3,896","4,261","4,502","4,560","4,810","5,268","5,704","5,778","6,291","6,575","6,532","6,691",-,-,..,-,..,..,..,-,..,..,..,-,-,-,-,-,..
00160,Katajanokka,"3,207","2,753","3,286","3,648","3,605","3,750","4,248","4,419","4,748","4,921","5,281","5,552","6,080","5,969","5,731","5,836","5,872","3,420","2,995","3,587","3,713","3,824","4,124","4,517","4,591","4,890","4,921","5,281","5,575","6,080","5,968","5,731","5,836","5,872",-,-,-,-,-,-,-,-,-,-,-,-,-,-,-,-,-
00170,Kruununhaka,"2,990","2,978","3,122","3,388","3,488","3,765","4,187","4,567","4,592","4,634","5,382","5,722","5,848","6,260","6,123","6,338","6,585","2,984","2,980","3,142","3,409","3,498","3,753","4,189","4,566","4,595","4,636","5,393","5,719","5,849","6,256","6,115","6,338","6,585",-,-,-,-,-,-,-,-,-,-,-,-,-,-,-,-,-
00180,Ruoholahti,"2,637","2,570","2,840","3,003","3,187","3,610","3,950","4,288","4,325","4,492","4,973","5,273","5,300","5,649","5,751","5,835","6,449","2,746","2,733","3,057","3,137","3,449","3,741","4,073","4,438","4,451","4,454","4,950","5,273","5,287","5,630","5,715","5,835","6,442",..,..,..,..,..,..,..,..,-,..,..,-,..,..,..,-,..
00190,Suomenlinna,-,-,-,-,-,-,-,-,-,-,-,-,-,-,-,-,..,-,-,-,-,-,-,-,-,-,-,-,-,-,-,-,-,..,-,-,-,-,-,-,-,-,-,-,-,-,..,-,-,-,-
00200,Lauttasaari,"2,359","2,378","2,661","2,812","3,003","3,023","3,474","3,679","3,832","3,750","4,240","4,574","4,688","4,921","4,899","5,084","5,312","2,348","2,356","2,641","2,787","2,974","3,000","3,474","3,661","3,820","3,736","4,223","4,549","4,668","4,891","4,865","5,074","5,296","2,774","3,036","3,417","3,463","3,732","4,136","3,820","4,275","4,833",..,"5,046","5,661","5,730","5,668","6,123","5,503","6,613"
00210,Vattuniemi,"2,471","2,425","2,573","2,955","3,176","3,374","3,795","4,067","4,157","4,250","4,564","4,763","4,763","5,104","5,102","5,189","5,371","2,489","2,425","2,560","2,955","3,176","3,375","3,795","4,067","4,157","4,229","4,553","4,747","4,765","5,104","5,104","5,180","5,367",..,-,..,-,-,..,-,-,-,..,..,-,..,-,..,..,..
00220,Jätkäsaari,-,-,-,-,-,-,-,-,-,-,-,-,-,-,-,..,"4,109",-,-,-,-,-,-,-,-,-,-,-,-,-,-,-,..,"4,109",-,-,-,-,-,-,-,-,-,-,-,-,-,-,-,-,-
00230,Pohjois-Pasila,-,-,-,-,-,-,-,-,-,-,-,-,-,-,-,-,-,-,-,-,-,-,-,-,-,-,-,-,-,-,-,-,-,-,-,-,-,-,-,-,-,-,-,-,-,-,-,-,-,-,-
00240,Länsi-Pasila,"1,550","1,698","1,737","1,768","2,276","2,366","2,689","2,922","2,852","2,914","3,474","3,310","3,595","4,094","4,456","4,112","4,434",..,..,..,..,..,..,..,-,..,"2,914","3,474","3,310","3,595","4,094","4,456","4,112","4,434",-,-,-,-,-,-,..,-,-,-,-,-,-,-,-,-,-
00250,Taka-Töölö,"2,614","2,586","2,892","2,964","3,162","3,509","3,777","4,127","4,277","4,286","4,702","4,945","5,229","5,500","5,423","5,658","5,874","2,613","2,586","2,892","2,964","3,162","3,509","3,741","4,122","4,266","4,286","4,702","4,945","5,229","5,500","5,423","5,658","5,875",..,-,-,-,-,-,-,-,-,-,-,-,-,-,-,-,..
00260,Keski-Töölö,"2,703","2,713","3,028","3,275","3,527","3,689","4,040","4,254","4,399","4,471","4,919","5,322","5,301","5,810","5,896","5,864","6,033","2,725","2,713","3,023","3,274","3,530","3,686","4,043","4,254","4,396","4,471","4,921","5,322","5,306","5,797","5,898","5,864","6,033",-,-,-,-,-,-,-,-,-,-,-,-,-,-,-,-,-
00270,Pohjois-Meilahti,"2,426","2,389","2,627","2,681","3,036","3,185","3,559","3,876","3,932","4,143","4,514","4,662","4,989","5,301","5,322","5,338","5,509","2,432","2,395","2,646","2,708","3,062","3,206","3,578","3,898","3,967","4,143","4,520","4,662","4,989","5,301","5,332","5,347","5,538",-,-,-,-,-,-,-,-,-,-,..,-,-,-,..,..,..
00280,Ruskeasuo,"2,252","2,289","2,527","2,679","2,880","3,087","3,363","3,584","3,622","3,757","4,155","4,394","4,579","4,751","4,799","5,121","5,183","2,252","2,286","2,527","2,679","2,880","3,086","3,363","3,586","3,622","3,757","4,155","4,391","4,579","4,763","4,799","5,121","5,183",-,..,-,-,-,..,-,..,-,-,-,..,-,-,-,-,-
00290,Meilahden sairaala-al.,-,-,-,-,..,..,..,-,-,-,..,..,..,..,..,..,-,-,-,-,-,..,..,..,-,-,-,..,..,..,..,..,..,-,-,-,-,-,-,-,-,-,-,-,-,-,-,-,-,-,-
00300,Pikku-Huopalahti,"1,632","1,790","1,791","1,969","2,426","2,666","2,972","3,187","3,250","3,369","3,774","3,867","3,878","4,175","4,278","4,398","4,373","1,759","2,020","2,240","2,294","2,626","2,738","3,068","3,363","3,303","3,369","3,766","3,847","3,858","4,175","4,275","4,413","4,373",-,-,..,-,..,..,..,-,..,-,..,..,..,-,..,..,..
00310,Kivihaka,"2,100","2,107","1,998","2,318","2,346","2,603","2,864","2,964","3,071","2,777","3,523","3,429","3,559","3,642","3,568","3,749","4,175","2,100","2,107","1,998","2,318","2,346","2,603","2,876","2,971","3,123","2,777","3,555","3,429","3,559","3,642","3,568","3,749","4,175",-,-,-,-,-,-,..,..,..,-,..,-,-,-,-,-,-
00320,Etelä-Haaga,"2,163","2,142","2,387","2,504","2,585","2,761","2,958","3,142","3,177","3,217","3,640","3,825","3,985","4,211","4,341","4,530","4,626","2,160","2,144","2,390","2,505","2,583","2,754","2,949","3,136","3,178","3,215","3,636","3,821","3,985","4,215","4,339","4,536","4,630",..,..,"2,297",..,..,"3,068",..,"3,324",..,..,..,..,"3,991",..,..,..,..
00330,Munkkiniemi,"2,612","2,564","2,791","2,993","3,211","3,311","3,694","3,879","4,015","3,896","4,355","4,593","4,772","4,865","4,914","5,199","5,169","2,624","2,563","2,792","3,009","3,213","3,293","3,679","3,889","4,013","3,875","4,296","4,569","4,751","4,867","4,908","5,154","5,169","3,468","3,642","3,698",..,..,..,"3,986",..,..,..,"6,469",..,..,..,..,"6,415",..
00340,Kuusisaari-Lehtisaari,"2,582","2,642","2,680","2,624","2,944","3,059","3,454","3,769","3,679","3,387","5,969","3,670","4,019","3,964","3,723","4,105","3,992","2,119","2,367","2,478","2,272","2,750","2,708","3,305","3,435","3,399","3,181",..,"3,434","3,660","3,620","3,465","3,774","3,844","3,314","3,041","3,321","3,278","3,246","3,795","3,711","4,484","4,203",..,..,..,"5,157","4,943",..,"5,508",..
00350,Munkkivuori-Niemenmäki,"2,155","2,101","2,254","2,426","2,498","2,669","2,903","3,097","3,240","3,147","3,532","3,699","3,999","4,102","4,082","4,179","4,326","2,210","2,143","2,312","2,445","2,498","2,685","2,884","3,094","3,236","3,142","3,533","3,699","3,992","4,092","4,087","4,184","4,336",..,..,..,"2,937",..,..,..,..,..,..,..,-,..,..,..,..,..
00360,Pajamäki,"1,870","1,776","2,062","2,170","2,287","2,390","2,546","2,643","2,743","2,635","2,985","3,049","3,225","3,331","3,373","3,443","3,821","1,870","1,774","2,068","2,170","2,275","2,380","2,544","2,643","2,735","2,635","2,985","3,049","3,225","3,331","3,373","3,443","3,821",-,-,-,-,-,-,-,-,-,-,-,-,-,-,-,-,-
00370,Reimarla,"1,848","1,948","2,090","2,109","2,251","2,495","2,687","2,885","2,927","2,866","3,158","3,210","3,284","3,404","3,168","3,768","3,977","1,814","1,888","2,107","2,108","2,262","2,498","2,731","2,977","2,953","2,864","3,145","3,200","3,247","3,384","3,167","3,810","4,021","1,900","1,976","1,982","2,147","2,172","2,526","2,768","2,455","3,118","2,894","3,275","3,304","3,667",..,"3,174","3,205","3,358"
00380,Pitäjänmäen teol.al.,..,"1,188",-,-,-,-,-,-,-,-,-,-,-,"4,028",-,-,-,-,..,-,-,-,-,-,-,-,-,-,-,-,"4,028",-,-,-,-,-,-,-,-,-,-,-,-,-,-,-,-,-,-,-,-
00390,Konala,"1,717","1,686","1,843","1,847","2,085","2,172","2,310","2,463","2,504","2,431","2,734","2,820","2,912","3,033","3,096","3,150","3,135","1,692","1,705","1,861","1,858","1,999","2,159","2,315","2,443","2,463","2,416","2,683","2,791","2,880","3,037","3,095","3,211","3,115","1,926","1,804","2,157","2,056","2,114","2,589","2,637","2,655","2,783","2,524","2,927","2,984","3,079","3,014","3,099","2,834","3,235"
00400,Pohjois-Haaga,"1,887","1,833","2,069","2,213","2,267","2,342","2,479","2,685","2,711","2,722","3,109","3,286","3,468","3,658","3,703","3,805","3,683","1,883","1,833","2,069","2,206","2,267","2,341","2,471","2,685","2,711","2,722","3,109","3,286","3,459","3,658","3,703","3,805","3,683",..,-,-,..,-,..,..,-,-,-,-,-,..,-,-,-,-
00410,Malminkartano,"1,369","1,443","1,518","1,591","1,808","1,937","2,087","2,206","2,227","2,223","2,487","2,590","2,629","2,701","2,634","2,572","2,676","1,374","1,424","1,448","1,636","1,811","1,926","2,123","2,061","2,109","2,218","2,477","2,587","2,637","2,706","2,647","2,608","2,675",..,..,-,..,-,..,-,..,..,"2,261","2,542","2,607","2,561","2,670","2,535","2,390","2,688"
00420,Kannelmäki,"1,624","1,623","1,817","1,900","1,991","2,021","2,176","2,402","2,432","2,390","2,723","2,691","2,782","2,976","3,006","3,202","2,870","1,641","1,637","1,853","1,907","1,995","2,008","2,173","2,406","2,447","2,384","2,718","2,670","2,748","2,979","3,041","3,226","2,889","1,590","1,714","1,745","2,037","2,070","2,157","2,244","2,538","2,479","2,473","2,828","2,974","3,213","2,951","2,700","2,960","2,666"
00430,Maununneva,"1,715","1,935","1,803","2,117","2,404","2,402","2,704","2,783","2,704","2,666","3,142","3,133","3,120","3,210","3,138","3,323","3,395",..,..,..,..,..,"2,390",..,..,..,"2,541","2,975",..,"3,250",..,..,..,..,"1,871","2,009","1,868","2,170","2,457","2,464","2,732","2,937","2,778","2,697","3,274","3,233","3,076","3,191","3,141","3,332","3,413"
00440,Lassila,"1,909","1,928","2,133","2,269","2,444","2,468","2,717","2,902","2,752","2,804","3,027","3,335","3,231","3,428","3,584","3,478","3,600","1,954","1,966","2,133","2,294","2,466","2,513","2,738","2,960","2,791","2,808","3,034","3,335","3,233","3,428","3,584","3,481","3,604",-,-,-,..,-,..,..,..,-,..,..,-,..,-,-,..,..
00500,Sörnäinen,"2,148","2,153","2,418","2,614","2,720","2,922","3,276","3,523","3,566","3,689","4,139","4,348","4,568","4,930","5,098","5,305","5,575","2,148","2,155","2,415","2,612","2,712","2,926","3,272","3,523","3,562","3,689","4,139","4,348","4,568","4,930","5,098","5,305","5,575",-,-,-,-,-,-,-,-,-,-,-,-,-,-,-,-,-
00510,Etu-Vallila,"2,124","2,114","2,425","2,523","2,689","2,819","3,193","3,432","3,565","3,635","4,066","4,269","4,478","4,794","4,904","5,004","5,188","2,124","2,111","2,421","2,516","2,666","2,800","3,183","3,423","3,552","3,627","4,066","4,260","4,472","4,791","4,898","5,004","5,188",-,-,-,-,-,-,-,-,-,..,-,..,-,-,..,-,-
00520,Itä-Pasila,"2,002","1,959","2,190","2,318","2,480","2,596","2,917","3,184","3,132","3,187","3,605","3,905","3,989","4,265","4,355","4,727","4,753","2,002","1,968","2,227","2,327","2,491","2,608","2,917","3,200","3,147","3,187","3,605","3,865","3,989","4,265","4,355","4,727","4,753",-,-,-,-,-,-,-,-,-,-,-,-,-,-,-,-,-
00530,"Kallio, Hakaniemi","2,215","2,253","2,518","2,643","2,802","3,015","3,388","3,697","3,715","3,820","4,198","4,511","4,717","5,039","5,149","5,253","5,352","2,210","2,252","2,516","2,642","2,801","3,013","3,389","3,695","3,709","3,820","4,198","4,511","4,717","5,039","5,149","5,253","5,352",-,-,..,..,..,-,-,-,-,-,-,-,-,-,-,-,-
00540,Kalasatama,-,-,-,-,-,-,-,-,-,-,-,-,-,-,-,"5,214","5,558",-,-,-,-,-,-,-,-,-,-,-,-,-,-,-,"5,214","5,558",-,-,-,-,-,-,-,-,-,-,-,-,-,-,-,-,-
00550,"Vallila, Hermanni","2,013","1,968","2,298","2,351","2,572","2,657","2,940","3,188","3,233","3,350","3,736","3,949","4,133","4,361","4,510","4,764","4,919","2,015","1,973","2,314","2,359","2,580","2,657","2,947","3,196","3,245","3,350","3,732","3,954","4,133","4,359","4,510","4,764","4,912",-,-,..,..,..,..,-,..,-,-,..,..,-,..,-,-,..
00560,"Toukola, Vanha kaupunki","1,858","1,893","2,066","2,390","2,634","2,813","3,040","3,239","3,523","3,674","4,034","4,223","4,318","4,632","4,550","4,574","4,668","1,918","1,910","2,129","2,439","2,716","2,937","3,087","3,556","3,664","3,670","4,027","4,223","4,326","4,597","4,544","4,577","4,671",..,..,..,..,..,..,..,..,..,..,..,-,..,..,..,..,"4,620"
00570,Kulosaari,"2,371","2,384","2,509","2,868","2,882","3,055","3,284","3,455","3,596","3,472","3,800","3,885","4,143","4,250","4,268","4,549","4,578","2,336","2,338","2,535","2,794","2,816","2,971","3,227","3,401","3,575","3,389","3,748","3,852","4,063","4,240","4,280","4,539","4,555","2,520","2,672","2,314","3,382","3,282","3,795","3,711","3,771",..,"4,759",..,..,"4,922",..,..,..,"4,839"
00580,Sörnäinen teol.al.,-,-,-,-,-,-,-,..,-,..,..,"4,076","4,643","3,924","3,988","4,512","4,485",-,-,-,-,-,-,-,-,-,..,..,"4,170","4,643","3,924","3,988","4,512","4,485",-,-,-,-,-,-,-,-,-,-,-,-,-,-,-,-,-
00590,Kaitalahti,-,-,-,-,-,-,-,-,-,-,..,-,..,..,-,..,..,-,-,-,-,-,-,-,-,-,-,-,-,-,-,-,-,-,-,-,-,-,-,-,-,-,-,-,..,-,..,..,-,..,..
00600,Koskela,"1,796","1,697","1,909","1,947","2,104","2,085","2,249","2,567","2,294","2,710","2,774","2,848","2,990","3,210","3,279","2,914","3,072","1,822","1,697","1,853","1,943","2,036","2,063","2,249","2,497","2,294","2,710","2,774","2,848","2,965","3,210","3,279","2,914","2,984",..,-,..,..,"2,650",..,-,..,-,-,-,-,..,-,-,-,..
00610,Käpylä,"2,033","2,071","2,208","2,401","2,550","2,663","2,835","3,117","3,218","3,264","3,604","3,950","4,106","4,262","4,649","4,496","4,734","1,982","2,042","2,180","2,388","2,532","2,626","2,820","3,082","3,217","3,239","3,604","3,944","4,106","4,253","4,588","4,482","4,670","2,952","2,507",..,..,..,"3,914","3,199","4,007",..,..,..,..,..,..,"5,876",..,"5,823"
00620,"Metsälä, Et.-Oulunkylä","1,809","1,776","1,902","2,005","2,192","2,193","2,442","2,725","2,693","2,717","3,013","3,057","3,070","3,314","3,754","3,629","3,692","1,810","1,759","1,914","1,989","2,152","2,182","2,410","2,703","2,742","2,716","2,958","3,024","3,075","3,336","3,811","3,623","3,678",..,"1,881","1,842","2,077","2,419","2,240","2,581","2,847","2,515",..,"3,320","3,208","3,013","3,171",..,"3,654","3,754"
00630,"Maunula, Suursuo","1,682","1,698","1,765","1,976","2,144","2,092","2,177","2,524","2,510","2,457","2,601","2,837","2,997","3,245","3,222","3,480","3,410","1,643","1,656","1,730","1,943","2,055","2,043","2,155","2,452","2,397","2,432","2,567","2,781","2,977","3,201","3,212","3,481","3,402","2,032","1,994","2,174","2,389","2,688","2,836",..,"3,279","3,567",..,..,"4,050",..,..,..,"3,468",..
00640,"Pakila, Oulunkylä","1,828","1,785","1,955","1,998","2,202","2,224","2,495","2,637","2,682","2,680","2,929","2,991","3,137","3,225","3,246","3,242","3,325","1,806","1,754","1,913","1,965","2,150","2,161","2,437","2,585","2,663","2,654","2,894","2,961","3,118","3,181","3,223","3,233","3,273","1,960","1,958","2,147","2,303","2,434","2,649","2,802","2,856","2,820","2,873","3,188","3,282","3,271","3,547","3,441","3,282","3,590"
00650,Veräjämäki,"1,866","1,794","2,019","2,083","2,309","2,405","2,544","2,778","2,892","2,714","2,992","3,200","3,459","3,369","3,441","3,326","3,487","1,633","1,805","1,956","2,047","2,167","2,330","2,526","2,704","2,790","2,536","2,900","2,968","3,366","3,270","3,305","3,154","3,324","2,116","1,791","2,174","2,176","2,417","2,525","2,552","2,898","3,196","2,990","3,158","3,584","3,591","3,522","3,595","3,832","3,734"
00660,Länsi-Pakila,"2,007","1,994","2,145","2,346","2,610","2,710","2,834","3,021","3,133","3,048","3,362","3,455","3,270","3,547","3,460","3,450","3,515","2,019","1,834","2,022","2,272","2,539","2,411","2,415","2,730","2,897","2,780","2,850","3,092","3,028","2,978","2,945","3,142","3,291","2,005","2,041","2,178","2,358","2,632","2,760","2,952","3,086","3,198","3,103","3,523","3,552","3,363","3,760","3,618","3,495","3,543"
00670,Paloheinä,"2,036","1,926","2,209","2,273","2,442","2,717","2,815","3,132","3,043","2,900","3,400","3,580","3,396","3,530","3,460","3,562","3,524",-,..,-,..,..,..,-,-,-,..,..,-,..,..,..,-,..,"2,040","1,937","2,210","2,272","2,463","2,775","2,823","3,148","3,085","2,933","3,406","3,580","3,397","3,545","3,464","3,562","3,523"
00680,Itä-Pakila,"1,884","1,862","2,018","2,106","2,412","2,563","2,815","2,812","2,876","2,893","3,201","3,282","3,405","3,500","3,178","3,254","3,589",..,..,"1,984",..,..,..,"2,308","2,734","2,386",..,"2,849",..,..,..,..,..,..,"1,889","1,883","2,047","2,120","2,446","2,563","2,889","2,835","2,944","2,882","3,332","3,256","3,395","3,514","3,207","3,244","3,555"
00690,Torpparinmäki,"1,700","1,621","1,784","1,900","2,217","2,188","2,513","2,709","2,614","2,600","2,944","3,081","3,138","3,325","3,129","3,223","3,162",-,..,..,-,-,-,-,-,..,..,..,..,..,"3,656",..,-,..,"1,969","1,562","2,226",..,"2,320",..,"3,129","3,046","2,417","2,532","2,942","3,045","3,081","3,147","3,105","3,223","3,101"
00700,Malmi,"1,713","1,705","1,787","1,996","2,094","2,182","2,388","2,527","2,615","2,594","2,882","2,974","3,002","3,089","3,144","3,073","3,162","1,818","1,774","1,821","2,084","2,139","2,201","2,437","2,580","2,641","2,570","2,824","2,912","2,986","3,093","3,094","3,076","3,155","1,830","1,884","2,160","2,271","2,385","2,465","2,535","2,720","2,945","2,752","3,153","3,221","3,073","3,073","3,417","3,062","3,201"
00710,Pihlajamäki,"1,448","1,401","1,579","1,694","1,821","1,805","1,927","2,135","2,199","2,146","2,660","2,473","2,521","2,533","2,583","2,627","2,646","1,439","1,393","1,583","1,703","1,793","1,780","1,939","2,123","2,192","2,116","2,640","2,448","2,511","2,507","2,541","2,595","2,635","1,590","1,629","1,731","1,900","2,206","2,053","2,312","2,503","2,499","2,589","2,820","2,857","2,647","2,802","3,173","2,933","2,797"
00720,"Pukinmäki, Savela","1,737","1,775","1,877","1,956","2,107","2,124","2,398","2,549","2,595","2,542","2,837","2,954","3,007","3,101","3,128","3,065","2,982","1,757","1,787","1,926","1,970","2,131","2,120","2,407","2,545","2,601","2,531","2,818","2,951","3,025","3,101","3,143","3,091","2,972","1,675","1,770","1,671","1,949","2,094","2,233","2,443","2,749","2,615","2,615","3,084","2,971","2,822","3,104","2,980","2,932","3,076"
00730,Tapanila,"1,690","1,688","1,860","2,087","2,157","2,278","2,473","2,683","2,687","2,611","2,992","3,109","3,057","3,267","3,284","3,243","3,249","1,665","1,619","1,806","2,133","2,112","2,108","2,407","2,590","2,635","2,520","2,931","3,018","3,016","3,278","3,418","3,224","3,100","1,793","1,866","2,010","2,198","2,354","2,550","2,715","2,863","2,800","2,747","3,065","3,222","3,094","3,253","3,149","3,261","3,354"
00740,Siltamäki,"1,519","1,481","1,675","1,769","1,908","1,952","2,254","2,304","2,321","2,362","2,565","2,740","2,615","2,667","2,743","2,607","2,519","1,467","1,468","1,522","1,721","1,793","1,812","2,026","2,107","2,126","2,184","2,388","2,451","2,430","2,451","2,550","2,376","2,248","1,703","1,682","2,005","2,151","2,302","2,320","2,588","2,786","2,731","2,526","2,746","2,993","2,869","2,929","2,963","2,966","2,912"
00750,Puistola,"1,455","1,487","1,679","1,734","1,901","1,937","2,257","2,337","2,362","2,235","2,612","2,506","2,694","2,731","2,655","2,686","2,777","1,389","1,382","1,552","1,712","1,708","1,753","2,016","2,131","2,186","2,072","2,417","2,352","2,430","2,495","2,489","2,472","2,558","1,776","1,618","1,816","1,869","2,230","2,304","2,562","2,612","2,635","2,505","2,905","2,914","2,951","3,024","2,991","3,004","3,144"
00760,Suurmetsä,"1,582","1,603","1,695","1,891","2,143","2,176","2,383","2,526","2,502","2,418","2,670","2,740","2,858","2,860","2,830","2,805","3,012","1,364","1,406","1,424","1,541","1,762","1,772","1,970","2,078","2,158","2,121","2,213","2,247","2,357","2,498","2,676","2,553","2,771","1,673","1,663","1,783","1,976","2,262","2,299","2,541","2,689","2,641","2,502","2,797","2,878","2,921","3,009","2,676","2,878","3,065"
00770,Jakomäki,"1,252","1,253","1,376","1,489","1,629","1,602","1,705","1,763","1,927","1,941","1,984","2,067","2,164","2,134","2,134","2,150","2,108","1,237","1,220","1,337","1,424","1,518","1,550","1,606","1,678","1,841","1,834","1,942","2,011","2,113","2,083","2,112","2,116","2,072",..,..,..,"1,789","2,091",..,"2,381","2,334",..,"2,733",..,..,..,..,..,..,..
00780,Tapaninvainio,"1,801","1,796","1,890","2,086","2,266","2,405","2,581","2,701","2,860","2,562","2,974","3,212","3,111","3,061","3,047","3,242","3,201","1,826","1,753","1,847","1,963","2,104","2,274","2,411","2,468","2,670","2,484","2,887","3,087","2,978","2,894","2,861","3,165","3,118","1,826","1,844","1,946","2,193","2,369","2,565","2,734","2,897","3,072","2,652","3,026","3,397","3,213","3,211","3,262","3,306","3,244"
00790,Viikki,-,-,-,-,"2,283","2,904","3,039","3,172","3,144","3,057","3,506","3,570","3,548","3,723","3,779","3,734","3,784",-,-,-,-,"2,283","2,939","3,047","3,184","3,174","3,103","3,553","3,509","3,558","3,756","3,797","3,728","3,763",-,-,-,-,-,"2,735","3,012","3,063","3,028","2,893","3,323","3,416","3,492","3,559","3,657","3,764","3,440"
00800,Länsi-Herttoniemi,"1,885","1,926","2,009","2,233","2,327","2,506","2,659","2,875","2,970","2,939","3,352","3,415","3,631","3,893","4,044","4,110","4,304","1,881","1,909","2,006","2,211","2,326","2,482","2,652","2,879","2,965","2,920","3,337","3,424","3,646","3,914","4,102","4,146","4,344",..,..,..,"2,597","2,429","2,951","2,656","2,803",..,"3,216","3,632",..,"3,477","3,731",..,"3,843","3,976"
00810,Herttoniemi-Herttoniemen ranta,"1,760","1,769","1,993","2,311","2,367","2,610","3,029","3,060","3,150","3,018","3,593","3,669","3,873","3,938","4,057","4,210","4,351","1,889","1,805","2,060","2,536","2,562","2,791","3,294","3,250","3,361","3,013","3,551","3,620","3,848","3,932","4,054","4,192","4,341",-,..,..,-,..,-,..,..,..,..,"4,208","4,213","4,428",..,..,..,..
00820,Roihuvuori,"1,610","1,563","1,752","1,860","2,008","2,015","2,126","2,383","2,463","2,390","2,602","2,738","2,844","2,832","2,911","2,942","3,051","1,637","1,568","1,765","1,881","2,001","2,018","2,108","2,369","2,450","2,390","2,602","2,738","2,844","2,832","2,911","2,942","3,051",-,-,-,-,-,-,-,-,-,-,-,-,-,-,-,-,-
00830,Tammisalo,"2,357","2,223","2,596","2,718","2,683","2,923","3,316","3,358","3,221","3,145","3,841","3,447","3,693","3,618","3,443","3,452","3,693","2,366","2,054","2,213","2,464","2,677","2,561","2,940","3,095","3,184","2,956","3,564","3,439","3,402","3,570","3,362","3,070","3,308","2,352","2,270","2,839","2,870","2,687","3,178","3,488","3,681","3,258","3,367","3,969","3,456","3,901","3,674","3,540","3,723","3,902"
00840,Laajasalo,"1,784","1,767","1,977","2,032","2,203","2,244","2,517","2,666","2,711","2,710","2,933","3,096","3,078","3,042","3,219","3,302","3,354","1,729","1,708","1,882","1,931","2,092","2,131","2,372","2,501","2,567","2,576","2,804","3,009","2,968","2,982","3,159","3,216","3,340","1,926","1,949","2,309","2,372","2,508","2,703","2,900","3,114","3,100","3,199","3,313","3,473","3,450","3,335","3,399","3,593","3,409"
00850,Jollas,"2,078","2,037","2,533","2,683","2,592","2,875","2,848","3,425","3,098","3,767","3,750","3,695","3,810","4,245","4,279","4,252","3,616",-,-,-,-,-,-,-,..,..,..,..,..,..,..,..,..,..,"2,444","2,190","2,785","2,812","2,956","3,045","3,021","3,481","3,068","3,566","3,337","3,536","3,505","3,902","3,973","3,815","3,459"
00860,Santahamina,-,-,-,-,-,-,-,-,-,-,-,-,-,-,-,-,-,-,-,-,-,-,-,-,-,-,-,-,-,-,-,-,-,-,-,-,-,-,-,-,-,-,-,-,-,-,-,-,-,-,-
00870,Et.-Laajasalo,"1,611","1,571","1,675","2,035","2,060","2,133","2,481","2,514","2,530","2,464","2,681","2,695","3,045","2,939","3,044","2,890","3,057","1,666","1,534","1,683","1,725","1,847","1,863","2,122","2,312","2,190","2,205","2,479","2,607","2,820","2,817","2,731","2,735","2,824","1,816","1,929","2,067","2,696","2,756","2,514","3,288","3,094","3,502","3,639","3,474",..,"3,772",..,"4,770","3,705","3,909"
00880,Roihupellon teoll.al.,-,-,-,-,-,-,-,-,-,-,-,-,-,-,-,-,-,-,-,-,-,-,-,-,-,-,-,-,-,-,-,-,-,-,-,-,-,-,-,-,-,-,-,-,-,-,-,-,-,-,-
00900,Puotinharju,"1,563","1,663","1,745","1,883","2,031","2,051","2,116","2,357","2,322","2,340","2,429","2,595","2,581","2,939","3,000","2,966","2,877","1,559","1,660","1,749","1,890","2,017","2,042","2,089","2,351","2,326","2,333","2,424","2,584","2,568","2,923","2,932","2,966","2,899","1,621",..,-,..,..,..,..,..,..,..,..,..,..,..,"3,688",..,..
00910,Puotila,"1,664","1,670","1,873","1,962","2,041","2,078","2,237","2,429","2,519","2,442","2,703","3,040","3,084","3,140","3,207","3,120","3,274","1,667","1,657","1,866","1,962","2,037","2,061","2,211","2,417","2,489","2,436","2,679","3,038","3,062","3,118","3,197","3,128","2,899",..,..,..,-,-,..,..,..,"3,128",..,..,..,..,"3,588",..,..,..
00920,Myllypuro,"1,426","1,381","1,484","1,613","1,686","1,745","1,864","1,997","2,122","2,047","2,278","2,460","2,516","2,700","2,672","2,724","2,753","1,412","1,365","1,431","1,572","1,627","1,625","1,763","1,880","1,969","1,953","2,221","2,379","2,471","2,632","2,631","2,616","2,590","1,944","1,513","1,851","2,168","2,178","2,592","2,734","2,671","2,905","2,636","2,666","2,979","2,809","3,112","2,920","3,079","3,187"
00930,"Marjaniemi, Itäkeskus","1,614","1,630","1,764","1,958","2,158","2,316","2,435","2,651","2,711","2,593","2,945","2,855","3,009","3,241","3,150","2,983","3,084","1,637","1,602","1,821","1,881","2,052","2,061","2,255","2,426","2,325","2,425","2,807","2,712","2,819","2,996","3,001","2,901","2,928","1,972","1,997","2,155","2,453","2,515","2,727","2,961","3,282","3,091","3,014","3,337","3,417","3,624","3,863","3,629","3,219","3,647"
00940,Kontula,"1,383","1,390","1,529","1,609","1,616","1,764","1,981","2,113","2,185","2,128","2,342","2,373","2,297","2,353","2,305","2,310","2,269","1,346","1,375","1,517","1,586","1,548","1,693","1,936","2,048","2,118","2,062","2,305","2,315","2,234","2,321","2,229","2,249","2,178","1,571","1,508","1,657","1,825","1,942","2,098","2,237","2,460","2,460","2,441","2,545","2,601","2,668","2,613","2,785","2,721","2,719"
00950,Vartioharju,"1,769","1,845","1,948","2,148","2,250","2,499","2,733","2,845","2,814","2,882","3,114","3,141","3,335","3,147","3,345","3,254","3,352","1,718","1,566","1,816","2,120","2,142","2,314","2,367","2,685","2,627","2,729","2,827","2,974","3,058","2,824","3,221","3,418","3,057","1,821","2,053","2,058","2,253","2,368","2,713","3,007","2,952","2,912","2,977","3,242","3,217","3,465","3,486","3,432","3,178","3,421"
00960,Pohjois-Vuosaari,"1,449","1,383","1,593","1,668","1,801","1,872","2,047","2,234","2,269","2,329","2,514","2,625","2,649","2,737","2,754","2,966","2,926","1,434","1,371","1,585","1,649","1,742","1,822","1,989","2,165","2,164","2,236","2,456","2,471","2,536","2,690","2,726","2,956","2,921","1,630","1,610","1,703","1,984","2,197","2,288","2,523","2,609","2,720","2,597","2,824","3,030","3,068","2,916","3,014","3,019","2,962"
00970,Mellunkylä,"1,489","1,491","1,619","1,679","1,810","1,888","2,073","2,123","2,224","2,251","2,447","2,491","2,554","2,507","2,536","2,583","2,499","1,525","1,514","1,636","1,727","1,799","1,904","2,057","2,123","2,240","2,237","2,426","2,478","2,519","2,463","2,512","2,538","2,455","1,929",..,"2,029",..,"2,292","2,587","2,656","2,717",..,"2,386","2,708","2,642","2,842","2,857","2,858","2,982","2,886"
00980,Etelä-Keskivuosaari,"1,462","1,532","1,702","1,904","2,080","2,178","2,359","2,547","2,359","2,659","2,837","2,796","2,820","2,960","2,940","2,997","3,118","1,442","1,527","1,717","1,941","2,063","2,155","2,371","2,542","2,603","2,609","2,781","2,706","2,716","2,881","2,895","2,966","3,055","1,872","1,825","1,893","2,166","2,297","2,462","2,723","2,826","2,884","2,899","3,097","3,227","3,256","3,245","3,206","3,153","3,416"
00990,Aurinkolahti,-,-,-,"2,524","2,770","3,166","3,408","3,564","3,449","3,667","3,958","3,956","4,133","4,221","4,205","4,387","4,421",-,-,-,"2,524","2,769","3,167","3,422","3,581","3,451","3,710","3,969","3,968","4,153","4,272","4,227","4,437","4,465",-,-,-,-,..,..,"3,237","3,381",..,"3,188","3,706","3,798","3,669","3,644","3,790","3,820","3,689"
,,,,,,,,,,,,,,,,,,,,,,,,,,,,,,,,,,,,,,,,,,,,,,,,,,,,
- Ei kauppoja,,,,,,,,,,,,,,,,,,,,,,,,,,,,,,,,,,,,,,,,,,,,,,,,,,,,
.. Kauppoja alle 5 kappaletta,,,,,,,,,,,,,,,,,,,,,,,,,,,,,,,,,,,,,,,,,,,,,,,,,,,,
,,,,,,,,,,,,,,,,,,,,,,,,,,,,,,,,,,,,,,,,,,,,,,,,,,,,
,,,,,,,,,,,,,,,,,,,,,,,,,,,,,,,,,,,,,,,,,,,,,,,,,,,,
Lähde: Osakeasuntojen hinnat. Tilastokeskus,,,,,,,,,,,,,,,,,,,,,,,,,,,,,,,,,,,,,,,,,,,,,,,,,,,,